code;type;group;useable_as_grid_filter;label-fr_FR;label-en_US;label-de_DE;label-ru_RU;label-it_IT;localizable;scopable;allowed_extensions;metric_family;default_metric_unit
sku;pim_catalog_identifier;attr_gr_3;1;"identifier ut et";"identifier quo a";"identifier quod nihil";"identifier expedita nobis";"identifier nihil est";;;;;
name;pim_catalog_text;attr_gr_2;0;"text nihil eum";"text soluta accusamus";"text vero aut";"text a qui";"text at sapiente";;;;;
attr_0;pim_catalog_text;attr_gr_16;0;"text voluptates natus";"text quam ab";"text repellendus aut";"text omnis fugiat";"text excepturi voluptas";0;0;;;
attr_1;pim_catalog_date;attr_gr_3;0;"date recusandae ea";"date maiores ut";"date eius libero";"date qui beatae";"date voluptatem et";0;0;;;
attr_2;pim_catalog_multiselect;attr_gr_6;0;"multiselect necessitatibus tenetur";"multiselect facere sed";"multiselect occaecati odio";"multiselect est in";"multiselect ut consectetur";0;0;;;
attr_3;pim_catalog_text;attr_gr_6;0;"text consequatur possimus";"text tempora nihil";"text accusantium sit";"text impedit et";"text odio hic";0;0;;;
attr_4;pim_catalog_number;attr_gr_19;0;"number quidem vero";"number odio rerum";"number earum rerum";"number ipsam culpa";"number ipsa ut";0;0;;;
attr_5;pim_catalog_date;attr_gr_15;0;"date eum reiciendis";"date maiores voluptas";"date et quas";"date quod dolores";"date consequuntur voluptas";0;0;;;
attr_6;pim_catalog_file;attr_gr_19;0;"file consequatur eum";"file quam quia";"file aperiam distinctio";"file occaecati deserunt";"file facere rerum";0;0;pdf,jpg;;
attr_7;pim_catalog_simpleselect;attr_gr_5;0;"simpleselect voluptas voluptas";"simpleselect nulla tempora";"simpleselect deleniti quis";"simpleselect aut qui";"simpleselect aliquam ea";0;0;;;
attr_8;pim_catalog_simpleselect;attr_gr_6;0;"simpleselect veniam esse";"simpleselect tenetur sed";"simpleselect ex ut";"simpleselect provident pariatur";"simpleselect et rerum";0;0;;;
attr_9;pim_catalog_file;attr_gr_0;0;"file excepturi cum";"file omnis facere";"file eum similique";"file iure eum";"file dolorum quas";0;0;png,jpg;;
attr_10;pim_catalog_price_collection;attr_gr_14;1;"price_collection quo quae";"price_collection voluptatem optio";"price_collection quia rem";"price_collection quisquam in";"price_collection totam natus";0;0;;;
attr_11;pim_catalog_file;attr_gr_3;0;"file qui voluptatum";"file sint eos";"file amet vel";"file aut nostrum";"file nobis omnis";0;0;jpg,pdf;;
attr_12;pim_catalog_simpleselect;attr_gr_11;0;"simpleselect ducimus aperiam";"simpleselect beatae aut";"simpleselect minus ipsum";"simpleselect fugiat libero";"simpleselect consequatur impedit";0;0;;;
attr_13;pim_catalog_date;attr_gr_13;0;"date quia ad";"date porro doloribus";"date consequuntur tenetur";"date non voluptatem";"date autem fugiat";0;0;;;
attr_14;pim_catalog_multiselect;attr_gr_0;0;"multiselect et et";"multiselect et quo";"multiselect minus eaque";"multiselect et possimus";"multiselect consequuntur labore";0;0;;;
attr_15;pim_catalog_textarea;attr_gr_14;0;"textarea optio magnam";"textarea at rem";"textarea tenetur hic";"textarea consequatur ratione";"textarea molestiae deserunt";0;0;;;
attr_16;pim_catalog_number;attr_gr_18;0;"number et blanditiis";"number earum neque";"number numquam impedit";"number rerum numquam";"number et itaque";0;0;;;
attr_17;pim_catalog_price_collection;attr_gr_19;0;"price_collection voluptas molestiae";"price_collection minima nobis";"price_collection commodi voluptas";"price_collection et adipisci";"price_collection nemo tenetur";0;0;;;
attr_18;pim_catalog_multiselect;attr_gr_6;0;"multiselect quo perferendis";"multiselect id doloribus";"multiselect esse velit";"multiselect incidunt commodi";"multiselect praesentium provident";0;0;;;
attr_19;pim_catalog_number;attr_gr_9;0;"number sed velit";"number aut nulla";"number delectus et";"number quia adipisci";"number sequi id";0;0;;;
attr_20;pim_catalog_file;attr_gr_14;0;"file facere autem";"file voluptatibus dolores";"file voluptas natus";"file eos ea";"file assumenda culpa";0;0;jpg,pdf;;
attr_21;pim_catalog_text;attr_gr_7;0;"text neque dolores";"text ut totam";"text eum qui";"text animi distinctio";"text praesentium delectus";0;0;;;
attr_22;pim_catalog_file;attr_gr_11;0;"file ratione occaecati";"file qui recusandae";"file minus labore";"file harum nihil";"file et dolorem";0;0;jpg,png;;
attr_23;pim_catalog_file;attr_gr_19;0;"file ut nemo";"file ratione dolores";"file magnam quia";"file explicabo veritatis";"file doloribus officiis";0;0;pdf,jpg;;
attr_24;pim_catalog_file;attr_gr_16;1;"file neque rerum";"file numquam ducimus";"file soluta ex";"file fugiat aut";"file debitis quaerat";0;0;pdf,png;;
attr_25;pim_catalog_date;attr_gr_7;0;"date alias quaerat";"date sunt eveniet";"date saepe doloremque";"date reiciendis fugiat";"date dolorem officia";0;0;;;
attr_26;pim_catalog_simpleselect;attr_gr_13;0;"simpleselect voluptatibus dolorem";"simpleselect omnis consequatur";"simpleselect sed explicabo";"simpleselect possimus iste";"simpleselect ab ea";0;0;;;
attr_27;pim_catalog_price_collection;attr_gr_12;0;"price_collection qui quis";"price_collection consequatur neque";"price_collection quo expedita";"price_collection natus iste";"price_collection ipsum reiciendis";0;0;;;
attr_28;pim_catalog_image;attr_gr_19;0;"image nemo culpa";"image consectetur et";"image et dicta";"image nihil quo";"image consequatur ab";0;0;pdf,png;;
attr_29;pim_catalog_boolean;attr_gr_0;0;"boolean assumenda a";"boolean alias dignissimos";"boolean sed asperiores";"boolean adipisci quasi";"boolean quo eum";0;0;;;
attr_30;pim_catalog_text;attr_gr_11;0;"text quibusdam veniam";"text sit ad";"text et et";"text ullam minus";"text est a";0;0;;;
attr_31;pim_catalog_boolean;attr_gr_13;0;"boolean quaerat repellendus";"boolean ratione ut";"boolean vero quam";"boolean distinctio corporis";"boolean quidem vitae";0;0;;;
attr_32;pim_catalog_multiselect;attr_gr_7;0;"multiselect hic quidem";"multiselect cumque sit";"multiselect qui tempora";"multiselect sapiente a";"multiselect libero quia";0;0;;;
attr_33;pim_catalog_date;attr_gr_16;0;"date quasi quasi";"date laudantium necessitatibus";"date quae repellendus";"date vel dolorem";"date quisquam animi";0;0;;;
attr_34;pim_catalog_image;attr_gr_6;0;"image ea nihil";"image aut dolorum";"image et non";"image asperiores voluptas";"image illum aut";0;0;jpg,pdf;;
attr_35;pim_catalog_multiselect;attr_gr_11;0;"multiselect aspernatur odio";"multiselect cupiditate voluptatem";"multiselect qui consequuntur";"multiselect voluptatem ut";"multiselect consequatur non";0;0;;;
attr_36;pim_catalog_boolean;attr_gr_9;0;"boolean quis velit";"boolean nemo esse";"boolean ut minima";"boolean ea recusandae";"boolean adipisci consequatur";0;0;;;
attr_37;pim_catalog_number;attr_gr_19;1;"number eaque quo";"number quis natus";"number voluptatem consequatur";"number laborum et";"number molestias aliquam";0;0;;;
attr_38;pim_catalog_simpleselect;attr_gr_11;1;"simpleselect nesciunt et";"simpleselect corporis suscipit";"simpleselect nam nostrum";"simpleselect aut velit";"simpleselect saepe at";0;0;;;
attr_39;pim_catalog_date;attr_gr_0;0;"date in in";"date omnis animi";"date velit amet";"date qui sed";"date impedit aut";0;0;;;
attr_40;pim_catalog_text;attr_gr_12;0;"text nesciunt non";"text quam nobis";"text commodi maiores";"text quia quo";"text voluptatem quia";0;0;;;
attr_41;pim_catalog_image;attr_gr_14;0;"image occaecati laborum";"image laudantium qui";"image esse ut";"image asperiores et";"image beatae facilis";0;0;jpg,png;;
attr_42;pim_catalog_simpleselect;attr_gr_16;0;"simpleselect suscipit in";"simpleselect vel itaque";"simpleselect dolores debitis";"simpleselect odio sint";"simpleselect quis quibusdam";0;0;;;
attr_43;pim_catalog_file;attr_gr_19;0;"file quas impedit";"file non fugiat";"file et qui";"file et magnam";"file sunt consequatur";0;0;jpg,png;;
attr_44;pim_catalog_simpleselect;attr_gr_7;0;"simpleselect dolorem nostrum";"simpleselect nobis sed";"simpleselect atque error";"simpleselect nemo et";"simpleselect delectus facere";0;0;;;
attr_45;pim_catalog_multiselect;attr_gr_7;0;"multiselect est doloremque";"multiselect sit ut";"multiselect quisquam blanditiis";"multiselect dolore rem";"multiselect adipisci consectetur";0;0;;;
attr_46;pim_catalog_image;attr_gr_8;0;"image et asperiores";"image alias corporis";"image veniam iste";"image suscipit quibusdam";"image voluptatem rem";0;0;jpg,png;;
attr_47;pim_catalog_image;attr_gr_10;0;"image veritatis illo";"image ipsam adipisci";"image laboriosam culpa";"image dolor dolorem";"image ut optio";0;0;jpg,png;;
attr_48;pim_catalog_boolean;attr_gr_17;0;"boolean fuga id";"boolean fuga earum";"boolean sint et";"boolean veritatis voluptas";"boolean hic aperiam";0;0;;;
attr_49;pim_catalog_textarea;attr_gr_8;0;"textarea labore voluptas";"textarea at ut";"textarea quasi eos";"textarea non facere";"textarea quia voluptatum";0;0;;;
attr_50;pim_catalog_multiselect;attr_gr_5;0;"multiselect autem voluptates";"multiselect aut cupiditate";"multiselect aut architecto";"multiselect earum adipisci";"multiselect aperiam numquam";0;0;;;
attr_51;pim_catalog_boolean;attr_gr_9;0;"boolean minima eligendi";"boolean libero quis";"boolean nulla voluptas";"boolean voluptatum fugiat";"boolean nostrum explicabo";0;0;;;
attr_52;pim_catalog_file;attr_gr_14;0;"file nostrum cumque";"file aut excepturi";"file suscipit repellendus";"file sit molestias";"file iusto et";0;0;png,jpg;;
attr_53;pim_catalog_multiselect;attr_gr_12;0;"multiselect voluptatibus sint";"multiselect explicabo provident";"multiselect non modi";"multiselect dicta odio";"multiselect sed eligendi";0;0;;;
attr_54;pim_catalog_price_collection;attr_gr_6;0;"price_collection eum repellat";"price_collection omnis unde";"price_collection accusamus aut";"price_collection totam repellat";"price_collection iure facere";0;0;;;
attr_55;pim_catalog_simpleselect;attr_gr_10;0;"simpleselect occaecati numquam";"simpleselect ratione minus";"simpleselect et ut";"simpleselect qui quo";"simpleselect temporibus et";0;0;;;
attr_56;pim_catalog_textarea;attr_gr_1;1;"textarea facilis iusto";"textarea voluptas molestiae";"textarea rerum laboriosam";"textarea corrupti quis";"textarea voluptatem qui";0;0;;;
attr_57;pim_catalog_simpleselect;attr_gr_9;0;"simpleselect et similique";"simpleselect ducimus odio";"simpleselect sit rerum";"simpleselect doloribus dolores";"simpleselect perferendis voluptas";0;0;;;
attr_58;pim_catalog_multiselect;attr_gr_17;0;"multiselect porro porro";"multiselect quo nostrum";"multiselect aliquam itaque";"multiselect dolorem aut";"multiselect laboriosam et";0;0;;;
attr_59;pim_catalog_text;attr_gr_6;1;"text omnis vel";"text qui quia";"text culpa et";"text qui sequi";"text officiis consectetur";0;0;;;
attr_60;pim_catalog_boolean;attr_gr_6;0;"boolean voluptatibus illum";"boolean eos eligendi";"boolean culpa necessitatibus";"boolean quis beatae";"boolean laudantium recusandae";0;0;;;
attr_61;pim_catalog_boolean;attr_gr_17;0;"boolean est aut";"boolean quia ipsam";"boolean et quasi";"boolean et quisquam";"boolean quo a";0;0;;;
attr_62;pim_catalog_textarea;attr_gr_11;0;"textarea officiis asperiores";"textarea maiores nihil";"textarea provident omnis";"textarea aperiam quia";"textarea ut ullam";0;0;;;
attr_63;pim_catalog_boolean;attr_gr_12;0;"boolean quam ut";"boolean ut officiis";"boolean porro ratione";"boolean est perspiciatis";"boolean fugit omnis";0;0;;;
attr_64;pim_catalog_multiselect;attr_gr_8;0;"multiselect quia accusantium";"multiselect et beatae";"multiselect fugit consequuntur";"multiselect facere laudantium";"multiselect ratione consequatur";0;0;;;
attr_65;pim_catalog_date;attr_gr_0;0;"date omnis laborum";"date dolor nesciunt";"date eum suscipit";"date qui sequi";"date maxime nihil";0;0;;;
attr_66;pim_catalog_multiselect;attr_gr_8;0;"multiselect soluta sequi";"multiselect aut inventore";"multiselect sint reiciendis";"multiselect praesentium at";"multiselect adipisci autem";0;0;;;
attr_67;pim_catalog_text;attr_gr_9;0;"text amet dolores";"text voluptates minima";"text ipsum aut";"text fugit beatae";"text voluptatem enim";0;0;;;
attr_68;pim_catalog_image;attr_gr_5;1;"image quia reiciendis";"image esse distinctio";"image excepturi voluptates";"image tenetur omnis";"image sunt dolores";0;0;png,pdf;;
attr_69;pim_catalog_price_collection;attr_gr_13;0;"price_collection error nobis";"price_collection nesciunt inventore";"price_collection qui voluptas";"price_collection est ad";"price_collection consectetur ea";0;0;;;
attr_70;pim_catalog_price_collection;attr_gr_17;0;"price_collection voluptatem rerum";"price_collection est veniam";"price_collection id in";"price_collection dolor veniam";"price_collection quos at";0;0;;;
attr_71;pim_catalog_date;attr_gr_6;1;"date necessitatibus aut";"date pariatur et";"date itaque assumenda";"date eos culpa";"date quibusdam sit";0;0;;;
attr_72;pim_catalog_price_collection;attr_gr_14;0;"price_collection eius neque";"price_collection velit sint";"price_collection aliquam ea";"price_collection dolorem explicabo";"price_collection alias eum";0;0;;;
attr_73;pim_catalog_textarea;attr_gr_8;0;"textarea ipsa animi";"textarea voluptas et";"textarea voluptas accusamus";"textarea error quis";"textarea libero et";0;0;;;
attr_74;pim_catalog_date;attr_gr_6;0;"date voluptatem eaque";"date sapiente rerum";"date incidunt maiores";"date quasi eius";"date velit esse";0;0;;;
attr_75;pim_catalog_date;attr_gr_9;0;"date quo beatae";"date sapiente alias";"date incidunt sint";"date omnis nobis";"date voluptas omnis";0;0;;;
attr_76;pim_catalog_boolean;attr_gr_6;0;"boolean unde quam";"boolean magnam ipsam";"boolean quisquam est";"boolean voluptatem aliquam";"boolean odit asperiores";0;0;;;
attr_77;pim_catalog_image;attr_gr_3;0;"image laboriosam placeat";"image error porro";"image sed nobis";"image vel expedita";"image et distinctio";0;0;png,pdf;;
attr_78;pim_catalog_number;attr_gr_7;0;"number sed non";"number porro neque";"number perspiciatis corrupti";"number quia iste";"number voluptate tempora";0;0;;;
attr_79;pim_catalog_number;attr_gr_4;0;"number consequuntur quidem";"number enim omnis";"number veniam aliquid";"number quae quia";"number porro unde";0;0;;;
attr_80;pim_catalog_file;attr_gr_5;0;"file qui et";"file minima consequatur";"file hic aspernatur";"file libero quo";"file quasi repellendus";0;0;pdf,jpg;;
attr_81;pim_catalog_simpleselect;attr_gr_13;0;"simpleselect consequatur numquam";"simpleselect doloremque maiores";"simpleselect ducimus maxime";"simpleselect dolores delectus";"simpleselect nihil itaque";0;0;;;
attr_82;pim_catalog_price_collection;attr_gr_9;0;"price_collection omnis et";"price_collection earum ut";"price_collection unde alias";"price_collection est nemo";"price_collection alias tenetur";0;0;;;
attr_83;pim_catalog_metric;attr_gr_15;0;"metric est voluptatibus";"metric et rerum";"metric est aut";"metric aut enim";"metric ratione voluptatem";0;0;;Length;METER
attr_84;pim_catalog_file;attr_gr_10;0;"file inventore aut";"file enim explicabo";"file omnis vel";"file rerum eveniet";"file distinctio id";0;0;png,pdf;;
attr_85;pim_catalog_textarea;attr_gr_12;0;"textarea rerum omnis";"textarea et voluptatem";"textarea eveniet velit";"textarea enim recusandae";"textarea optio eius";0;0;;;
attr_86;pim_catalog_simpleselect;attr_gr_19;0;"simpleselect vel voluptatum";"simpleselect voluptate beatae";"simpleselect vitae aut";"simpleselect est laboriosam";"simpleselect distinctio hic";0;0;;;
attr_87;pim_catalog_boolean;attr_gr_16;0;"boolean et velit";"boolean velit architecto";"boolean consequatur eum";"boolean iste repudiandae";"boolean iure nihil";0;0;;;
attr_88;pim_catalog_date;attr_gr_17;0;"date enim maiores";"date sit in";"date dolor officia";"date deserunt rem";"date ut maxime";0;0;;;
attr_89;pim_catalog_text;attr_gr_17;1;"text similique aut";"text est impedit";"text ducimus velit";"text suscipit sapiente";"text sequi possimus";0;0;;;
attr_90;pim_catalog_textarea;attr_gr_1;0;"textarea aut eum";"textarea incidunt dolore";"textarea fugiat quia";"textarea quo quia";"textarea velit quam";0;0;;;
attr_91;pim_catalog_multiselect;attr_gr_2;0;"multiselect quia eius";"multiselect libero explicabo";"multiselect facilis id";"multiselect sed eum";"multiselect mollitia molestiae";0;0;;;
attr_92;pim_catalog_metric;attr_gr_6;0;"metric aspernatur expedita";"metric ea ut";"metric aliquam esse";"metric enim mollitia";"metric est eligendi";0;0;;Length;METER
attr_93;pim_catalog_number;attr_gr_5;1;"number placeat error";"number numquam consectetur";"number eos et";"number modi ratione";"number ex impedit";0;0;;;
attr_94;pim_catalog_textarea;attr_gr_0;0;"textarea nesciunt delectus";"textarea nemo ratione";"textarea quis quia";"textarea temporibus corporis";"textarea sit enim";0;0;;;
attr_95;pim_catalog_simpleselect;attr_gr_2;1;"simpleselect qui qui";"simpleselect doloremque quasi";"simpleselect eos qui";"simpleselect itaque ut";"simpleselect quaerat laborum";0;0;;;
attr_96;pim_catalog_multiselect;attr_gr_8;0;"multiselect doloribus enim";"multiselect quasi recusandae";"multiselect velit nemo";"multiselect et enim";"multiselect officiis dolorem";0;0;;;
attr_97;pim_catalog_simpleselect;attr_gr_13;0;"simpleselect repellat sunt";"simpleselect officiis voluptas";"simpleselect ipsam sunt";"simpleselect occaecati explicabo";"simpleselect sed est";0;0;;;
attr_98;pim_catalog_price_collection;attr_gr_2;0;"price_collection alias et";"price_collection earum possimus";"price_collection quod ex";"price_collection repellat ea";"price_collection voluptate vero";0;0;;;
attr_99;pim_catalog_date;attr_gr_0;0;"date corporis eligendi";"date saepe voluptatum";"date ut ducimus";"date ut eligendi";"date qui aut";0;0;;;
attr_100;pim_catalog_metric;attr_gr_13;0;"metric aliquam architecto";"metric libero sed";"metric et sit";"metric voluptas ullam";"metric laborum beatae";0;0;;Length;METER
attr_101;pim_catalog_number;attr_gr_18;0;"number nulla et";"number ipsum consectetur";"number ut mollitia";"number nesciunt commodi";"number molestiae minima";0;0;;;
attr_102;pim_catalog_file;attr_gr_8;0;"file aliquid aut";"file perferendis voluptatem";"file et fugit";"file ut voluptas";"file animi labore";0;0;png,pdf;;
attr_103;pim_catalog_boolean;attr_gr_8;1;"boolean culpa cum";"boolean et ut";"boolean quos nulla";"boolean perspiciatis autem";"boolean consequatur aut";0;0;;;
attr_104;pim_catalog_price_collection;attr_gr_0;0;"price_collection praesentium minus";"price_collection doloremque alias";"price_collection error delectus";"price_collection ut alias";"price_collection vero quaerat";0;0;;;
attr_105;pim_catalog_number;attr_gr_18;0;"number voluptate quis";"number aspernatur mollitia";"number praesentium qui";"number voluptas corporis";"number incidunt doloremque";0;0;;;
attr_106;pim_catalog_boolean;attr_gr_18;0;"boolean ducimus voluptas";"boolean explicabo ullam";"boolean in harum";"boolean sed vel";"boolean voluptas accusamus";0;0;;;
attr_107;pim_catalog_price_collection;attr_gr_6;0;"price_collection recusandae est";"price_collection neque sapiente";"price_collection repudiandae architecto";"price_collection excepturi consequatur";"price_collection asperiores vel";0;0;;;
attr_108;pim_catalog_date;attr_gr_10;0;"date laboriosam autem";"date suscipit cumque";"date enim ut";"date necessitatibus tenetur";"date excepturi tenetur";0;0;;;
attr_109;pim_catalog_date;attr_gr_7;0;"date ut occaecati";"date consequatur occaecati";"date at id";"date impedit debitis";"date consequuntur necessitatibus";0;0;;;
attr_110;pim_catalog_simpleselect;attr_gr_7;0;"simpleselect rerum quis";"simpleselect accusamus saepe";"simpleselect tenetur sunt";"simpleselect ut reprehenderit";"simpleselect qui odit";0;0;;;
attr_111;pim_catalog_date;attr_gr_15;0;"date dolores rem";"date ipsam quia";"date consequatur dolorem";"date autem sit";"date quasi sequi";0;0;;;
attr_112;pim_catalog_date;attr_gr_12;0;"date labore totam";"date impedit placeat";"date perspiciatis alias";"date non eveniet";"date expedita similique";0;0;;;
attr_113;pim_catalog_date;attr_gr_8;0;"date ut amet";"date nesciunt officia";"date nobis id";"date sed autem";"date ut sint";0;0;;;
attr_114;pim_catalog_number;attr_gr_0;0;"number repellat voluptatem";"number totam unde";"number ullam nesciunt";"number voluptate sequi";"number expedita dicta";0;0;;;
attr_115;pim_catalog_price_collection;attr_gr_17;0;"price_collection molestiae perferendis";"price_collection sit beatae";"price_collection velit quia";"price_collection sit praesentium";"price_collection numquam officia";0;0;;;
attr_116;pim_catalog_boolean;attr_gr_13;0;"boolean laborum eum";"boolean a distinctio";"boolean asperiores sapiente";"boolean sit illo";"boolean aut officiis";0;0;;;
attr_117;pim_catalog_boolean;attr_gr_10;0;"boolean dolores exercitationem";"boolean soluta quos";"boolean iure minima";"boolean placeat autem";"boolean deserunt laborum";0;0;;;
attr_118;pim_catalog_textarea;attr_gr_16;0;"textarea adipisci in";"textarea ad adipisci";"textarea dolores quae";"textarea perspiciatis inventore";"textarea molestiae sit";0;0;;;
attr_119;pim_catalog_price_collection;attr_gr_12;0;"price_collection iusto accusamus";"price_collection blanditiis praesentium";"price_collection autem excepturi";"price_collection numquam repellat";"price_collection et quam";0;0;;;
attr_120;pim_catalog_number;attr_gr_16;0;"number possimus quod";"number sint aliquam";"number minima aut";"number nostrum odit";"number fugit dolorem";0;0;;;
attr_121;pim_catalog_file;attr_gr_8;0;"file dignissimos ut";"file ipsa dicta";"file iusto vero";"file ducimus sapiente";"file fugit pariatur";0;0;jpg,pdf;;
attr_122;pim_catalog_metric;attr_gr_15;0;"metric consequatur voluptatem";"metric qui laborum";"metric non voluptatibus";"metric dolores autem";"metric id sed";0;0;;Length;METER
attr_123;pim_catalog_text;attr_gr_3;0;"text voluptate qui";"text dicta dolore";"text dolorem consequuntur";"text autem architecto";"text adipisci cumque";0;0;;;
attr_124;pim_catalog_image;attr_gr_13;0;"image aut aut";"image deserunt consequuntur";"image qui facere";"image cupiditate molestias";"image iste et";0;0;png,pdf;;
attr_125;pim_catalog_price_collection;attr_gr_10;0;"price_collection numquam veniam";"price_collection quo quaerat";"price_collection inventore quis";"price_collection ea consequuntur";"price_collection ipsam veritatis";0;0;;;
attr_126;pim_catalog_boolean;attr_gr_10;0;"boolean necessitatibus repellendus";"boolean sit natus";"boolean minima in";"boolean atque esse";"boolean soluta exercitationem";0;0;;;
attr_127;pim_catalog_simpleselect;attr_gr_13;0;"simpleselect quae iure";"simpleselect amet eos";"simpleselect et assumenda";"simpleselect doloremque nemo";"simpleselect officia eius";0;0;;;
attr_128;pim_catalog_number;attr_gr_0;0;"number voluptas nemo";"number omnis repudiandae";"number quos ducimus";"number voluptate pariatur";"number quia fuga";0;0;;;
attr_129;pim_catalog_text;attr_gr_12;0;"text natus saepe";"text quia et";"text nulla pariatur";"text perspiciatis et";"text doloribus eligendi";0;0;;;
attr_130;pim_catalog_multiselect;attr_gr_6;0;"multiselect et distinctio";"multiselect enim eos";"multiselect assumenda repudiandae";"multiselect occaecati commodi";"multiselect impedit animi";0;0;;;
attr_131;pim_catalog_metric;attr_gr_6;0;"metric dolores quisquam";"metric reiciendis qui";"metric sed earum";"metric placeat cumque";"metric dolore quod";0;0;;Length;METER
attr_132;pim_catalog_price_collection;attr_gr_19;0;"price_collection magnam aut";"price_collection animi tempore";"price_collection dolor est";"price_collection quasi fugit";"price_collection ducimus voluptatem";0;0;;;
attr_133;pim_catalog_simpleselect;attr_gr_13;1;"simpleselect in iure";"simpleselect consequatur minima";"simpleselect optio cumque";"simpleselect quae distinctio";"simpleselect illo minima";0;0;;;
attr_134;pim_catalog_number;attr_gr_10;0;"number doloremque laudantium";"number autem et";"number delectus molestias";"number esse ad";"number voluptates consequatur";0;0;;;
attr_135;pim_catalog_textarea;attr_gr_0;0;"textarea et et";"textarea minus atque";"textarea quia quia";"textarea quia enim";"textarea soluta quos";0;0;;;
attr_136;pim_catalog_date;attr_gr_11;0;"date laudantium reiciendis";"date possimus qui";"date ad repudiandae";"date assumenda omnis";"date natus consequuntur";0;0;;;
attr_137;pim_catalog_boolean;attr_gr_7;0;"boolean optio labore";"boolean mollitia perferendis";"boolean autem officia";"boolean id aut";"boolean aut accusantium";0;0;;;
attr_138;pim_catalog_file;attr_gr_4;0;"file et officia";"file expedita sunt";"file iure voluptatem";"file natus amet";"file voluptatibus veritatis";0;0;pdf,png;;
attr_139;pim_catalog_text;attr_gr_18;0;"text excepturi cupiditate";"text voluptas commodi";"text possimus ut";"text dicta pariatur";"text quod doloremque";0;0;;;
attr_140;pim_catalog_textarea;attr_gr_18;0;"textarea amet sint";"textarea non molestias";"textarea reiciendis quas";"textarea ut a";"textarea quos molestiae";0;0;;;
attr_141;pim_catalog_textarea;attr_gr_5;0;"textarea consequuntur incidunt";"textarea molestiae sed";"textarea qui at";"textarea aut consequatur";"textarea quo sequi";0;0;;;
attr_142;pim_catalog_date;attr_gr_15;0;"date sit ducimus";"date ut labore";"date delectus modi";"date velit ab";"date quasi ut";0;0;;;
attr_143;pim_catalog_text;attr_gr_0;1;"text consequatur qui";"text assumenda assumenda";"text totam magnam";"text earum aut";"text quia aliquid";0;0;;;
attr_144;pim_catalog_metric;attr_gr_7;0;"metric quam optio";"metric voluptas porro";"metric eaque qui";"metric quis sit";"metric ea qui";0;0;;Length;METER
attr_145;pim_catalog_image;attr_gr_11;0;"image sequi adipisci";"image ullam quis";"image architecto in";"image omnis aut";"image esse non";0;0;pdf,jpg;;
attr_146;pim_catalog_textarea;attr_gr_7;0;"textarea expedita est";"textarea possimus et";"textarea harum sit";"textarea quia quae";"textarea consequuntur aliquam";0;0;;;
attr_147;pim_catalog_number;attr_gr_6;0;"number et itaque";"number nostrum occaecati";"number quod eveniet";"number vel quae";"number at doloribus";0;0;;;
attr_148;pim_catalog_file;attr_gr_9;0;"file numquam facilis";"file saepe natus";"file officiis maiores";"file eum aut";"file reiciendis minus";0;0;png,pdf;;
attr_149;pim_catalog_number;attr_gr_17;0;"number doloremque iste";"number iure totam";"number quo ad";"number dolor voluptate";"number voluptatibus dolores";0;0;;;
attr_150;pim_catalog_textarea;attr_gr_19;0;"textarea nam sapiente";"textarea sequi enim";"textarea at libero";"textarea qui et";"textarea vel aperiam";0;0;;;
attr_151;pim_catalog_image;attr_gr_5;0;"image magnam nobis";"image quia culpa";"image dicta expedita";"image porro ut";"image ut iusto";0;0;pdf,jpg;;
attr_152;pim_catalog_multiselect;attr_gr_1;0;"multiselect ea temporibus";"multiselect iusto ratione";"multiselect totam et";"multiselect aut ullam";"multiselect nihil laboriosam";0;0;;;
attr_153;pim_catalog_boolean;attr_gr_10;0;"boolean deserunt suscipit";"boolean ipsam saepe";"boolean corrupti inventore";"boolean qui excepturi";"boolean consequatur aspernatur";0;0;;;
attr_154;pim_catalog_date;attr_gr_4;0;"date rem et";"date sint rem";"date reiciendis qui";"date placeat qui";"date ullam dignissimos";0;0;;;
attr_155;pim_catalog_boolean;attr_gr_12;0;"boolean repellat consectetur";"boolean et reprehenderit";"boolean eveniet consequuntur";"boolean et repellendus";"boolean qui non";0;0;;;
attr_156;pim_catalog_image;attr_gr_11;0;"image possimus a";"image facere voluptatum";"image vero corrupti";"image quos id";"image quod error";0;0;png,jpg;;
attr_157;pim_catalog_number;attr_gr_0;0;"number sapiente dolore";"number corporis adipisci";"number et non";"number doloremque animi";"number tempora libero";0;0;;;
attr_158;pim_catalog_multiselect;attr_gr_10;0;"multiselect fugit fugiat";"multiselect qui sapiente";"multiselect non aut";"multiselect iusto atque";"multiselect quis consequatur";0;0;;;
attr_159;pim_catalog_metric;attr_gr_9;0;"metric sed voluptatem";"metric nostrum doloribus";"metric incidunt sint";"metric exercitationem accusantium";"metric dolorem quia";0;0;;Length;METER
attr_160;pim_catalog_simpleselect;attr_gr_15;0;"simpleselect iusto aut";"simpleselect facere adipisci";"simpleselect deserunt sit";"simpleselect eum consectetur";"simpleselect minima modi";0;0;;;
attr_161;pim_catalog_multiselect;attr_gr_13;0;"multiselect voluptas eaque";"multiselect natus recusandae";"multiselect dolores sint";"multiselect suscipit et";"multiselect quasi laboriosam";0;0;;;
attr_162;pim_catalog_image;attr_gr_0;0;"image accusamus labore";"image nisi molestiae";"image reprehenderit incidunt";"image at perferendis";"image inventore nihil";0;0;jpg,pdf;;
attr_163;pim_catalog_date;attr_gr_16;0;"date debitis velit";"date facilis voluptate";"date id aliquid";"date voluptatem voluptatem";"date expedita repudiandae";0;0;;;
attr_164;pim_catalog_number;attr_gr_14;0;"number reprehenderit aut";"number consequatur voluptatem";"number qui laborum";"number nesciunt quia";"number eaque hic";0;0;;;
attr_165;pim_catalog_number;attr_gr_0;1;"number repellendus non";"number ab placeat";"number porro ea";"number amet earum";"number quae ipsam";0;0;;;
attr_166;pim_catalog_date;attr_gr_2;0;"date beatae alias";"date quaerat voluptatem";"date vitae eligendi";"date eveniet ut";"date facilis natus";0;0;;;
attr_167;pim_catalog_image;attr_gr_4;0;"image ex iure";"image quae tenetur";"image nisi labore";"image nemo perferendis";"image quia mollitia";0;0;jpg,pdf;;
attr_168;pim_catalog_simpleselect;attr_gr_3;0;"simpleselect aut minima";"simpleselect magnam amet";"simpleselect alias ut";"simpleselect vel consectetur";"simpleselect quos dolores";0;0;;;
attr_169;pim_catalog_price_collection;attr_gr_9;0;"price_collection deleniti nihil";"price_collection autem quia";"price_collection quo in";"price_collection commodi voluptate";"price_collection excepturi et";0;0;;;
attr_170;pim_catalog_date;attr_gr_4;0;"date rerum qui";"date tenetur vel";"date libero est";"date modi illum";"date fuga autem";0;0;;;
attr_171;pim_catalog_image;attr_gr_19;0;"image est qui";"image consequatur quo";"image consequatur occaecati";"image doloribus nihil";"image et illo";0;0;jpg,png;;
attr_172;pim_catalog_number;attr_gr_17;0;"number alias voluptas";"number quaerat architecto";"number dolores fuga";"number quo quaerat";"number dolores est";0;0;;;
attr_173;pim_catalog_multiselect;attr_gr_8;0;"multiselect necessitatibus tenetur";"multiselect voluptatem minima";"multiselect expedita ea";"multiselect voluptatem nisi";"multiselect iure non";0;0;;;
attr_174;pim_catalog_metric;attr_gr_12;0;"metric eos rerum";"metric hic esse";"metric fuga tempora";"metric architecto voluptate";"metric at est";0;0;;Length;METER
attr_175;pim_catalog_image;attr_gr_8;0;"image pariatur odio";"image hic accusamus";"image illo harum";"image aut est";"image molestiae soluta";0;0;jpg,pdf;;
attr_176;pim_catalog_multiselect;attr_gr_11;0;"multiselect suscipit porro";"multiselect nesciunt voluptatem";"multiselect unde culpa";"multiselect praesentium illo";"multiselect ratione magnam";0;0;;;
attr_177;pim_catalog_file;attr_gr_11;0;"file repellat commodi";"file autem cum";"file quia sunt";"file ratione sit";"file aut quis";0;0;jpg,pdf;;
attr_178;pim_catalog_date;attr_gr_1;0;"date quo et";"date possimus dicta";"date placeat sit";"date dolor cum";"date sunt explicabo";0;0;;;
attr_179;pim_catalog_multiselect;attr_gr_4;0;"multiselect eius non";"multiselect quia harum";"multiselect est quod";"multiselect consequatur eos";"multiselect quia amet";0;0;;;
attr_180;pim_catalog_number;attr_gr_11;0;"number itaque voluptas";"number voluptatem sit";"number molestiae quod";"number aperiam est";"number sunt eum";0;0;;;
attr_181;pim_catalog_number;attr_gr_9;0;"number provident expedita";"number qui aut";"number expedita qui";"number iusto aut";"number aut consequatur";0;0;;;
attr_182;pim_catalog_text;attr_gr_7;0;"text numquam quae";"text veritatis facilis";"text debitis et";"text impedit libero";"text et ex";0;0;;;
attr_183;pim_catalog_text;attr_gr_3;0;"text aliquid illo";"text iure vel";"text recusandae consequatur";"text et ab";"text qui qui";0;0;;;
attr_184;pim_catalog_metric;attr_gr_3;0;"metric ut odio";"metric doloribus sint";"metric et dolor";"metric maiores quod";"metric et maxime";0;0;;Length;METER
attr_185;pim_catalog_date;attr_gr_5;0;"date neque omnis";"date autem voluptatem";"date sit perferendis";"date et aut";"date cum repellat";0;0;;;
attr_186;pim_catalog_image;attr_gr_9;0;"image nobis exercitationem";"image provident necessitatibus";"image fuga numquam";"image quos ipsa";"image omnis rem";0;0;pdf,png;;
attr_187;pim_catalog_text;attr_gr_8;0;"text possimus consequuntur";"text voluptatum et";"text vel ut";"text architecto saepe";"text sed est";0;0;;;
attr_188;pim_catalog_number;attr_gr_14;1;"number asperiores molestiae";"number quidem perspiciatis";"number laudantium ut";"number voluptatem eum";"number odio sapiente";0;0;;;
attr_189;pim_catalog_textarea;attr_gr_14;0;"textarea illum repudiandae";"textarea id consequatur";"textarea voluptas officia";"textarea numquam nulla";"textarea dicta sapiente";0;0;;;
attr_190;pim_catalog_boolean;attr_gr_14;0;"boolean fuga quia";"boolean optio possimus";"boolean voluptatem illum";"boolean aut ipsa";"boolean quia cum";0;0;;;
attr_191;pim_catalog_image;attr_gr_13;0;"image ab nihil";"image ut numquam";"image sit repellat";"image repudiandae nemo";"image nihil aut";0;0;pdf,png;;
attr_192;pim_catalog_boolean;attr_gr_4;0;"boolean odit et";"boolean nihil quod";"boolean quo tenetur";"boolean beatae recusandae";"boolean nulla eligendi";0;0;;;
attr_193;pim_catalog_textarea;attr_gr_13;0;"textarea dolorem hic";"textarea deleniti et";"textarea blanditiis consectetur";"textarea rerum eos";"textarea perferendis sed";0;0;;;
attr_194;pim_catalog_textarea;attr_gr_11;0;"textarea et et";"textarea nulla est";"textarea velit necessitatibus";"textarea voluptas facere";"textarea sed eius";0;0;;;
attr_195;pim_catalog_simpleselect;attr_gr_14;0;"simpleselect et tempora";"simpleselect qui ad";"simpleselect asperiores dolore";"simpleselect et aut";"simpleselect temporibus distinctio";0;0;;;
attr_196;pim_catalog_textarea;attr_gr_17;0;"textarea placeat ipsum";"textarea deserunt exercitationem";"textarea voluptatem voluptatem";"textarea illo nesciunt";"textarea mollitia a";0;0;;;
attr_197;pim_catalog_price_collection;attr_gr_19;1;"price_collection et vel";"price_collection magnam deserunt";"price_collection laboriosam ducimus";"price_collection hic fugit";"price_collection itaque voluptatum";0;0;;;
attr_198;pim_catalog_date;attr_gr_7;0;"date culpa quas";"date cum velit";"date cupiditate dolorem";"date incidunt debitis";"date enim est";0;0;;;
attr_199;pim_catalog_price_collection;attr_gr_8;0;"price_collection fugit occaecati";"price_collection neque dolores";"price_collection in laudantium";"price_collection sit adipisci";"price_collection qui quidem";0;0;;;
attr_200;pim_catalog_boolean;attr_gr_16;0;"boolean blanditiis est";"boolean et ducimus";"boolean fugit ea";"boolean totam mollitia";"boolean non id";0;0;;;
attr_201;pim_catalog_boolean;attr_gr_7;0;"boolean quia tempore";"boolean distinctio enim";"boolean iste vel";"boolean dolore sit";"boolean blanditiis sequi";0;0;;;
attr_202;pim_catalog_price_collection;attr_gr_13;0;"price_collection nam id";"price_collection officiis veniam";"price_collection consequuntur dolorem";"price_collection facere animi";"price_collection officiis doloremque";0;0;;;
attr_203;pim_catalog_boolean;attr_gr_16;0;"boolean suscipit nihil";"boolean et qui";"boolean qui eaque";"boolean architecto dolorem";"boolean facere tempore";0;0;;;
attr_204;pim_catalog_multiselect;attr_gr_11;0;"multiselect qui aut";"multiselect rem voluptatum";"multiselect quos et";"multiselect placeat iusto";"multiselect consectetur quae";0;0;;;
attr_205;pim_catalog_date;attr_gr_6;0;"date aut quo";"date mollitia illum";"date ut minus";"date quia fugit";"date animi non";0;0;;;
attr_206;pim_catalog_metric;attr_gr_13;1;"metric iste rerum";"metric delectus velit";"metric beatae odit";"metric non non";"metric aut consequatur";0;0;;Length;METER
attr_207;pim_catalog_number;attr_gr_4;1;"number ut corrupti";"number aut neque";"number perspiciatis ducimus";"number quibusdam voluptatem";"number officiis sit";0;0;;;
attr_208;pim_catalog_textarea;attr_gr_17;0;"textarea quisquam aspernatur";"textarea quia blanditiis";"textarea voluptas eum";"textarea est quidem";"textarea in laudantium";0;0;;;
attr_209;pim_catalog_price_collection;attr_gr_0;0;"price_collection esse et";"price_collection magni saepe";"price_collection laborum vel";"price_collection minus quisquam";"price_collection est blanditiis";0;0;;;
attr_210;pim_catalog_textarea;attr_gr_10;0;"textarea odit nisi";"textarea eligendi illum";"textarea sed dolor";"textarea facilis ducimus";"textarea et ducimus";0;0;;;
attr_211;pim_catalog_price_collection;attr_gr_4;0;"price_collection cupiditate ut";"price_collection omnis ex";"price_collection nulla sunt";"price_collection aut nemo";"price_collection assumenda magnam";0;0;;;
attr_212;pim_catalog_number;attr_gr_11;0;"number ex tempora";"number optio deleniti";"number debitis doloribus";"number esse sequi";"number architecto at";0;0;;;
attr_213;pim_catalog_simpleselect;attr_gr_16;0;"simpleselect aut laudantium";"simpleselect rem omnis";"simpleselect nobis maxime";"simpleselect rem alias";"simpleselect iusto repellendus";0;0;;;
attr_214;pim_catalog_simpleselect;attr_gr_15;1;"simpleselect qui minus";"simpleselect voluptas aliquam";"simpleselect minima ducimus";"simpleselect numquam cumque";"simpleselect sint libero";0;0;;;
attr_215;pim_catalog_date;attr_gr_3;0;"date eum dolorem";"date error nihil";"date eaque officia";"date hic nisi";"date quidem expedita";0;0;;;
attr_216;pim_catalog_simpleselect;attr_gr_17;0;"simpleselect est amet";"simpleselect dolorum architecto";"simpleselect aut dolor";"simpleselect autem quo";"simpleselect id ipsa";0;0;;;
attr_217;pim_catalog_text;attr_gr_0;0;"text quisquam maiores";"text quia maiores";"text assumenda quo";"text deserunt tempora";"text blanditiis animi";0;0;;;
attr_218;pim_catalog_boolean;attr_gr_2;1;"boolean beatae rerum";"boolean quo veritatis";"boolean in ducimus";"boolean laudantium sed";"boolean non et";0;0;;;
attr_219;pim_catalog_date;attr_gr_13;0;"date est ut";"date et quae";"date velit voluptatem";"date sapiente ut";"date consequatur repellat";0;0;;;
attr_220;pim_catalog_multiselect;attr_gr_3;0;"multiselect non ipsam";"multiselect perferendis sit";"multiselect consequatur repellendus";"multiselect consequatur sed";"multiselect excepturi soluta";0;0;;;
attr_221;pim_catalog_image;attr_gr_5;0;"image corporis ab";"image qui occaecati";"image quo quo";"image dignissimos laudantium";"image laudantium eligendi";0;0;png,jpg;;
attr_222;pim_catalog_date;attr_gr_3;0;"date quod eveniet";"date voluptates dolore";"date quis quidem";"date sed magni";"date architecto officiis";0;0;;;
attr_223;pim_catalog_simpleselect;attr_gr_5;0;"simpleselect eveniet earum";"simpleselect nisi inventore";"simpleselect est tempore";"simpleselect autem quisquam";"simpleselect harum in";0;0;;;
attr_224;pim_catalog_boolean;attr_gr_4;0;"boolean laboriosam accusamus";"boolean tempore rerum";"boolean aut laborum";"boolean dolorum enim";"boolean accusamus eius";0;0;;;
attr_225;pim_catalog_boolean;attr_gr_17;0;"boolean molestias sint";"boolean aut voluptas";"boolean voluptatibus quae";"boolean in asperiores";"boolean ipsam veniam";0;0;;;
attr_226;pim_catalog_textarea;attr_gr_0;0;"textarea amet ipsa";"textarea incidunt non";"textarea sed laboriosam";"textarea asperiores aliquid";"textarea laudantium asperiores";0;0;;;
attr_227;pim_catalog_text;attr_gr_17;0;"text dolorem aut";"text vero earum";"text quod eligendi";"text dolorum molestiae";"text qui asperiores";0;0;;;
attr_228;pim_catalog_image;attr_gr_1;0;"image ut alias";"image ducimus veniam";"image labore rerum";"image non vel";"image omnis commodi";0;0;pdf,png;;
attr_229;pim_catalog_textarea;attr_gr_12;0;"textarea est ullam";"textarea dignissimos totam";"textarea qui reprehenderit";"textarea corporis velit";"textarea sunt natus";0;0;;;
attr_230;pim_catalog_multiselect;attr_gr_4;0;"multiselect nobis veniam";"multiselect non tenetur";"multiselect facere commodi";"multiselect nobis ex";"multiselect aliquid cupiditate";0;0;;;
attr_231;pim_catalog_boolean;attr_gr_18;0;"boolean quis et";"boolean voluptas dolor";"boolean error quia";"boolean aut cum";"boolean autem placeat";0;0;;;
attr_232;pim_catalog_textarea;attr_gr_4;0;"textarea natus iure";"textarea sed corrupti";"textarea eaque itaque";"textarea nostrum eum";"textarea hic id";0;0;;;
attr_233;pim_catalog_text;attr_gr_19;0;"text minima voluptatibus";"text veniam dignissimos";"text commodi nam";"text repudiandae et";"text voluptas nostrum";0;0;;;
attr_234;pim_catalog_price_collection;attr_gr_17;1;"price_collection quisquam eius";"price_collection omnis aliquid";"price_collection quas labore";"price_collection quis in";"price_collection velit laudantium";0;0;;;
attr_235;pim_catalog_textarea;attr_gr_1;0;"textarea dolores velit";"textarea rerum doloribus";"textarea omnis perferendis";"textarea et occaecati";"textarea non eligendi";0;0;;;
attr_236;pim_catalog_simpleselect;attr_gr_6;0;"simpleselect dolore deleniti";"simpleselect quo ab";"simpleselect sit nisi";"simpleselect enim eveniet";"simpleselect aliquid omnis";0;0;;;
attr_237;pim_catalog_multiselect;attr_gr_15;0;"multiselect sapiente rerum";"multiselect maiores minima";"multiselect aut alias";"multiselect culpa autem";"multiselect molestiae praesentium";0;0;;;
attr_238;pim_catalog_file;attr_gr_1;0;"file nostrum architecto";"file aut facilis";"file atque dolores";"file fuga unde";"file ut aut";0;0;png,pdf;;
attr_239;pim_catalog_text;attr_gr_18;0;"text et similique";"text aspernatur accusamus";"text dignissimos molestiae";"text et architecto";"text et quaerat";0;0;;;
attr_240;pim_catalog_boolean;attr_gr_11;0;"boolean illum eum";"boolean quam amet";"boolean voluptates alias";"boolean tenetur quisquam";"boolean fugiat unde";0;0;;;
attr_241;pim_catalog_multiselect;attr_gr_3;1;"multiselect aut debitis";"multiselect voluptatum similique";"multiselect dicta dolor";"multiselect corrupti impedit";"multiselect similique velit";0;0;;;
attr_242;pim_catalog_price_collection;attr_gr_14;0;"price_collection veniam dicta";"price_collection facere illum";"price_collection provident qui";"price_collection quia consequatur";"price_collection error est";0;0;;;
attr_243;pim_catalog_text;attr_gr_11;0;"text iure distinctio";"text temporibus autem";"text quia quidem";"text esse alias";"text recusandae illum";0;0;;;
attr_244;pim_catalog_file;attr_gr_8;0;"file veritatis ratione";"file ut nisi";"file commodi ducimus";"file omnis dolor";"file laudantium occaecati";0;0;png,jpg;;
attr_245;pim_catalog_simpleselect;attr_gr_3;0;"simpleselect nihil aut";"simpleselect nostrum aut";"simpleselect nobis doloribus";"simpleselect rerum dolorem";"simpleselect aut sequi";0;0;;;
attr_246;pim_catalog_text;attr_gr_6;0;"text porro non";"text aut veniam";"text blanditiis impedit";"text sint rerum";"text sit enim";0;0;;;
attr_247;pim_catalog_multiselect;attr_gr_3;0;"multiselect dignissimos assumenda";"multiselect neque numquam";"multiselect est non";"multiselect dolores dolorem";"multiselect repellendus aspernatur";0;0;;;
attr_248;pim_catalog_file;attr_gr_16;0;"file consequatur doloremque";"file sit vel";"file quam delectus";"file temporibus libero";"file delectus minima";0;0;jpg,pdf;;
attr_249;pim_catalog_metric;attr_gr_19;0;"metric ipsa voluptatem";"metric ipsam dolor";"metric vel unde";"metric sapiente exercitationem";"metric occaecati quos";0;0;;Length;METER
attr_250;pim_catalog_multiselect;attr_gr_13;0;"multiselect numquam cum";"multiselect voluptatum voluptatibus";"multiselect veniam ut";"multiselect dolores pariatur";"multiselect est iusto";0;0;;;
attr_251;pim_catalog_price_collection;attr_gr_3;0;"price_collection aut temporibus";"price_collection aut placeat";"price_collection quia ut";"price_collection aut sed";"price_collection fugiat dolores";0;0;;;
attr_252;pim_catalog_boolean;attr_gr_6;0;"boolean nobis occaecati";"boolean perspiciatis earum";"boolean autem doloribus";"boolean ut eos";"boolean dolor aut";0;0;;;
attr_253;pim_catalog_text;attr_gr_5;0;"text delectus expedita";"text earum quisquam";"text alias aut";"text aliquid et";"text deserunt alias";0;0;;;
attr_254;pim_catalog_date;attr_gr_18;1;"date fugit nihil";"date inventore quod";"date rerum porro";"date expedita accusamus";"date aspernatur esse";0;0;;;
attr_255;pim_catalog_image;attr_gr_18;0;"image sed accusamus";"image exercitationem iure";"image et voluptatum";"image recusandae perferendis";"image ratione eaque";0;0;jpg,png;;
attr_256;pim_catalog_number;attr_gr_4;0;"number sit id";"number rerum dolores";"number qui harum";"number est sapiente";"number consequuntur et";0;0;;;
attr_257;pim_catalog_simpleselect;attr_gr_1;0;"simpleselect minus quae";"simpleselect pariatur quia";"simpleselect earum impedit";"simpleselect qui tenetur";"simpleselect possimus fugiat";0;0;;;
attr_258;pim_catalog_metric;attr_gr_11;0;"metric suscipit non";"metric qui ipsam";"metric sed a";"metric autem nihil";"metric veritatis sint";0;0;;Length;METER
attr_259;pim_catalog_metric;attr_gr_9;0;"metric eum eos";"metric sed non";"metric a dolorem";"metric tempore sit";"metric et corrupti";0;0;;Length;METER
attr_260;pim_catalog_date;attr_gr_3;0;"date deleniti ut";"date autem fugiat";"date nulla dolorem";"date porro aliquam";"date accusamus delectus";0;0;;;
attr_261;pim_catalog_textarea;attr_gr_13;0;"textarea quia asperiores";"textarea et ea";"textarea eligendi quaerat";"textarea commodi quaerat";"textarea reiciendis in";0;0;;;
attr_262;pim_catalog_text;attr_gr_1;0;"text autem consectetur";"text aut doloribus";"text eaque ab";"text facere amet";"text laboriosam quod";0;0;;;
attr_263;pim_catalog_price_collection;attr_gr_3;0;"price_collection doloribus eos";"price_collection et vitae";"price_collection dolore repudiandae";"price_collection pariatur sapiente";"price_collection quo esse";0;0;;;
attr_264;pim_catalog_simpleselect;attr_gr_11;0;"simpleselect sit mollitia";"simpleselect commodi quaerat";"simpleselect accusantium facere";"simpleselect saepe sit";"simpleselect et sit";0;0;;;
attr_265;pim_catalog_boolean;attr_gr_3;0;"boolean eius nihil";"boolean suscipit est";"boolean et modi";"boolean illo et";"boolean sed numquam";0;0;;;
attr_266;pim_catalog_number;attr_gr_18;0;"number quia qui";"number dolore nihil";"number minima asperiores";"number voluptas velit";"number dolore id";0;0;;;
attr_267;pim_catalog_textarea;attr_gr_8;0;"textarea ut similique";"textarea itaque sequi";"textarea dicta sint";"textarea nostrum necessitatibus";"textarea dolore cupiditate";0;0;;;
attr_268;pim_catalog_textarea;attr_gr_12;0;"textarea quo nihil";"textarea maxime atque";"textarea quia eveniet";"textarea modi repellat";"textarea expedita iusto";0;0;;;
attr_269;pim_catalog_metric;attr_gr_11;0;"metric impedit dolore";"metric quas dolorem";"metric ut nostrum";"metric et ullam";"metric incidunt quaerat";0;0;;Length;METER
attr_270;pim_catalog_multiselect;attr_gr_18;0;"multiselect nihil mollitia";"multiselect accusantium eum";"multiselect aut quas";"multiselect consectetur quis";"multiselect ducimus ut";0;0;;;
attr_271;pim_catalog_file;attr_gr_7;0;"file autem unde";"file iusto aut";"file eum tempora";"file earum quam";"file cumque inventore";0;0;png,pdf;;
attr_272;pim_catalog_text;attr_gr_6;0;"text iure qui";"text facilis inventore";"text ut qui";"text id dolorem";"text assumenda laboriosam";0;0;;;
attr_273;pim_catalog_number;attr_gr_14;0;"number facere totam";"number vel voluptatibus";"number voluptatem necessitatibus";"number tempore et";"number autem consequuntur";0;0;;;
attr_274;pim_catalog_boolean;attr_gr_5;0;"boolean est nisi";"boolean velit et";"boolean distinctio voluptatem";"boolean repudiandae voluptates";"boolean et omnis";0;0;;;
attr_275;pim_catalog_price_collection;attr_gr_0;1;"price_collection ut recusandae";"price_collection qui voluptatem";"price_collection maxime voluptatem";"price_collection illo ut";"price_collection ad hic";0;0;;;
attr_276;pim_catalog_simpleselect;attr_gr_8;0;"simpleselect qui consequatur";"simpleselect et animi";"simpleselect voluptas quidem";"simpleselect in consequatur";"simpleselect omnis quia";0;0;;;
attr_277;pim_catalog_boolean;attr_gr_18;0;"boolean doloribus voluptas";"boolean qui et";"boolean consequuntur aut";"boolean pariatur quia";"boolean sunt voluptas";0;0;;;
attr_278;pim_catalog_date;attr_gr_17;0;"date nam doloribus";"date ut laboriosam";"date commodi repellendus";"date porro quas";"date deleniti rerum";0;0;;;
attr_279;pim_catalog_boolean;attr_gr_7;0;"boolean animi suscipit";"boolean aspernatur sit";"boolean deleniti repudiandae";"boolean ad facilis";"boolean quibusdam sequi";0;0;;;
attr_280;pim_catalog_price_collection;attr_gr_13;0;"price_collection autem eius";"price_collection adipisci enim";"price_collection iusto hic";"price_collection architecto quia";"price_collection enim non";0;0;;;
attr_281;pim_catalog_simpleselect;attr_gr_1;1;"simpleselect iusto sint";"simpleselect distinctio aut";"simpleselect ut blanditiis";"simpleselect eaque est";"simpleselect tempora atque";0;0;;;
attr_282;pim_catalog_date;attr_gr_2;0;"date consequatur perspiciatis";"date sunt minima";"date ut commodi";"date voluptas quos";"date nostrum eos";0;0;;;
attr_283;pim_catalog_number;attr_gr_6;1;"number aliquam ipsa";"number quibusdam molestiae";"number tempora id";"number ex et";"number earum adipisci";0;0;;;
attr_284;pim_catalog_image;attr_gr_14;0;"image ad ipsum";"image autem dolore";"image quae sit";"image culpa consectetur";"image est nihil";0;0;jpg,png;;
attr_285;pim_catalog_simpleselect;attr_gr_9;0;"simpleselect ipsam consequuntur";"simpleselect officia reprehenderit";"simpleselect ipsa dolor";"simpleselect aut omnis";"simpleselect at doloribus";0;0;;;
attr_286;pim_catalog_metric;attr_gr_10;0;"metric et consequuntur";"metric tempora quod";"metric ex assumenda";"metric non eveniet";"metric voluptate perspiciatis";0;0;;Length;METER
attr_287;pim_catalog_file;attr_gr_1;0;"file voluptas impedit";"file eveniet maxime";"file tenetur nam";"file ut officia";"file in iusto";0;0;png,jpg;;
attr_288;pim_catalog_file;attr_gr_11;0;"file repellendus natus";"file nostrum et";"file incidunt ut";"file neque non";"file repellendus aliquam";0;0;jpg,png;;
attr_289;pim_catalog_multiselect;attr_gr_0;0;"multiselect maiores voluptas";"multiselect dicta cum";"multiselect voluptatem autem";"multiselect voluptatibus voluptatum";"multiselect facere quo";0;0;;;
attr_290;pim_catalog_multiselect;attr_gr_10;0;"multiselect sint beatae";"multiselect esse magni";"multiselect voluptatem quia";"multiselect facere delectus";"multiselect aut commodi";0;0;;;
attr_291;pim_catalog_textarea;attr_gr_19;1;"textarea rerum eum";"textarea excepturi consectetur";"textarea eos accusamus";"textarea aut sequi";"textarea aut laudantium";0;0;;;
attr_292;pim_catalog_metric;attr_gr_13;0;"metric doloribus et";"metric aliquid pariatur";"metric laboriosam molestiae";"metric deleniti minus";"metric exercitationem sint";0;0;;Length;METER
attr_293;pim_catalog_date;attr_gr_10;0;"date rerum et";"date aut facere";"date voluptatem voluptatum";"date odio quasi";"date qui ratione";0;0;;;
attr_294;pim_catalog_price_collection;attr_gr_6;0;"price_collection necessitatibus autem";"price_collection dolore incidunt";"price_collection nesciunt cumque";"price_collection et dolorem";"price_collection qui doloribus";0;0;;;
attr_295;pim_catalog_number;attr_gr_6;0;"number dolor distinctio";"number at fuga";"number alias sed";"number in architecto";"number alias et";0;0;;;
attr_296;pim_catalog_multiselect;attr_gr_8;0;"multiselect perferendis voluptas";"multiselect qui id";"multiselect deleniti eveniet";"multiselect qui odio";"multiselect non et";0;0;;;
attr_297;pim_catalog_simpleselect;attr_gr_3;0;"simpleselect tenetur et";"simpleselect magnam ut";"simpleselect deleniti nostrum";"simpleselect odit quae";"simpleselect officiis odio";0;0;;;
attr_298;pim_catalog_multiselect;attr_gr_11;0;"multiselect consequatur odit";"multiselect dolor et";"multiselect ut quod";"multiselect est soluta";"multiselect laudantium laudantium";0;0;;;
attr_299;pim_catalog_text;attr_gr_12;0;"text sapiente dolores";"text delectus illo";"text ipsum officiis";"text amet vero";"text quod iure";0;0;;;
attr_300;pim_catalog_image;attr_gr_8;1;"image dicta dolorem";"image occaecati et";"image quo sed";"image ratione sunt";"image totam ipsum";0;0;pdf,png;;
attr_301;pim_catalog_date;attr_gr_12;0;"date omnis et";"date molestias cum";"date dolorem laudantium";"date sunt molestiae";"date nulla at";0;0;;;
attr_302;pim_catalog_date;attr_gr_6;0;"date cum cupiditate";"date accusantium et";"date architecto enim";"date quod corporis";"date sed voluptas";0;0;;;
attr_303;pim_catalog_file;attr_gr_1;0;"file aperiam libero";"file accusantium dolor";"file natus aut";"file occaecati mollitia";"file cumque ab";0;0;pdf,png;;
attr_304;pim_catalog_text;attr_gr_8;0;"text aut facere";"text et omnis";"text voluptatem est";"text molestiae consequatur";"text ut mollitia";0;0;;;
attr_305;pim_catalog_textarea;attr_gr_8;0;"textarea veritatis dignissimos";"textarea fugit est";"textarea veritatis aut";"textarea doloremque quae";"textarea et et";0;0;;;
attr_306;pim_catalog_number;attr_gr_16;0;"number quas temporibus";"number explicabo hic";"number ab aliquam";"number voluptate aut";"number provident magni";0;0;;;
attr_307;pim_catalog_number;attr_gr_7;1;"number aliquid numquam";"number magnam praesentium";"number quaerat veniam";"number qui tempora";"number et adipisci";0;0;;;
attr_308;pim_catalog_image;attr_gr_17;0;"image voluptatum sapiente";"image assumenda occaecati";"image quis cupiditate";"image aut alias";"image est culpa";0;0;png,pdf;;
attr_309;pim_catalog_simpleselect;attr_gr_7;0;"simpleselect aspernatur unde";"simpleselect cumque est";"simpleselect et inventore";"simpleselect non non";"simpleselect doloribus nobis";0;0;;;
attr_310;pim_catalog_textarea;attr_gr_12;0;"textarea quaerat magnam";"textarea praesentium repellat";"textarea qui est";"textarea et aliquam";"textarea hic earum";0;0;;;
attr_311;pim_catalog_metric;attr_gr_5;0;"metric fugiat et";"metric et perferendis";"metric rem omnis";"metric quia asperiores";"metric aut et";0;0;;Length;METER
attr_312;pim_catalog_multiselect;attr_gr_8;0;"multiselect veniam cumque";"multiselect enim est";"multiselect laboriosam aut";"multiselect accusantium placeat";"multiselect beatae possimus";0;0;;;
attr_313;pim_catalog_image;attr_gr_5;0;"image hic perferendis";"image quo adipisci";"image sed recusandae";"image aut optio";"image qui illo";0;0;png,jpg;;
attr_314;pim_catalog_boolean;attr_gr_13;1;"boolean laborum consectetur";"boolean corporis sequi";"boolean voluptatem aliquid";"boolean dolores non";"boolean quia expedita";0;0;;;
attr_315;pim_catalog_textarea;attr_gr_16;0;"textarea modi velit";"textarea et dolores";"textarea placeat eveniet";"textarea voluptas dolorem";"textarea et iusto";0;0;;;
attr_316;pim_catalog_multiselect;attr_gr_7;0;"multiselect eius optio";"multiselect nisi necessitatibus";"multiselect deleniti et";"multiselect sed quasi";"multiselect mollitia mollitia";0;0;;;
attr_317;pim_catalog_text;attr_gr_9;0;"text doloribus qui";"text minima ut";"text reiciendis architecto";"text fugiat omnis";"text ea quis";0;0;;;
attr_318;pim_catalog_price_collection;attr_gr_16;0;"price_collection nihil ut";"price_collection temporibus officiis";"price_collection fuga ea";"price_collection aspernatur exercitationem";"price_collection quos nisi";0;0;;;
attr_319;pim_catalog_simpleselect;attr_gr_11;0;"simpleselect quaerat dolor";"simpleselect ut laboriosam";"simpleselect eum laudantium";"simpleselect asperiores quos";"simpleselect recusandae labore";0;0;;;
attr_320;pim_catalog_file;attr_gr_5;0;"file reprehenderit voluptatum";"file excepturi officia";"file quis adipisci";"file dolorem delectus";"file veritatis possimus";0;0;pdf,jpg;;
attr_321;pim_catalog_multiselect;attr_gr_7;0;"multiselect saepe deserunt";"multiselect sed suscipit";"multiselect ut nam";"multiselect sit architecto";"multiselect saepe nobis";0;0;;;
attr_322;pim_catalog_number;attr_gr_4;0;"number sequi provident";"number ratione consequatur";"number qui consequatur";"number sapiente doloremque";"number omnis porro";0;0;;;
attr_323;pim_catalog_text;attr_gr_17;0;"text nihil esse";"text sequi hic";"text natus eius";"text officiis sed";"text consectetur ipsa";0;0;;;
attr_324;pim_catalog_boolean;attr_gr_4;0;"boolean aut quia";"boolean ad unde";"boolean quia accusantium";"boolean itaque facere";"boolean ea modi";0;0;;;
attr_325;pim_catalog_boolean;attr_gr_12;0;"boolean qui id";"boolean et ut";"boolean reiciendis ut";"boolean fugiat ipsa";"boolean ratione illum";0;0;;;
attr_326;pim_catalog_image;attr_gr_7;0;"image rerum facilis";"image dicta dolorem";"image adipisci non";"image omnis et";"image doloremque quas";0;0;jpg,png;;
attr_327;pim_catalog_price_collection;attr_gr_4;0;"price_collection doloremque nihil";"price_collection suscipit quaerat";"price_collection distinctio velit";"price_collection officiis autem";"price_collection molestiae sunt";0;0;;;
attr_328;pim_catalog_image;attr_gr_15;0;"image recusandae nesciunt";"image tempora et";"image voluptas tenetur";"image molestias vitae";"image asperiores et";0;0;pdf,jpg;;
attr_329;pim_catalog_price_collection;attr_gr_0;0;"price_collection ratione ea";"price_collection et quia";"price_collection non voluptas";"price_collection dolorem sit";"price_collection dolores optio";0;0;;;
attr_330;pim_catalog_file;attr_gr_3;0;"file quas amet";"file rerum delectus";"file veniam assumenda";"file cupiditate est";"file error architecto";0;0;jpg,pdf;;
attr_331;pim_catalog_text;attr_gr_2;0;"text nobis eum";"text omnis laudantium";"text facere suscipit";"text facere et";"text possimus quod";0;0;;;
attr_332;pim_catalog_text;attr_gr_3;0;"text labore iure";"text velit id";"text modi et";"text labore aut";"text ratione aliquid";0;0;;;
attr_333;pim_catalog_textarea;attr_gr_4;0;"textarea totam dolor";"textarea velit eos";"textarea voluptatem in";"textarea quia molestiae";"textarea aut dicta";0;0;;;
attr_334;pim_catalog_boolean;attr_gr_6;0;"boolean qui iste";"boolean ullam qui";"boolean aut earum";"boolean at consequatur";"boolean eos quo";0;0;;;
attr_335;pim_catalog_date;attr_gr_8;0;"date consequuntur quia";"date doloribus provident";"date beatae non";"date nesciunt consequatur";"date iure porro";0;0;;;
attr_336;pim_catalog_date;attr_gr_3;0;"date quas aut";"date nam et";"date eveniet sapiente";"date temporibus occaecati";"date sint iste";0;0;;;
attr_337;pim_catalog_boolean;attr_gr_7;0;"boolean possimus alias";"boolean necessitatibus beatae";"boolean expedita neque";"boolean laboriosam et";"boolean et ipsum";0;0;;;
attr_338;pim_catalog_metric;attr_gr_11;0;"metric sapiente aut";"metric cum molestias";"metric qui fugiat";"metric repellat quo";"metric perferendis nisi";0;0;;Length;METER
attr_339;pim_catalog_image;attr_gr_8;0;"image praesentium eos";"image cumque tenetur";"image pariatur esse";"image quae culpa";"image aliquam odio";0;0;jpg,pdf;;
attr_340;pim_catalog_text;attr_gr_16;0;"text eveniet aut";"text eum totam";"text ab exercitationem";"text vero ipsam";"text excepturi deleniti";0;0;;;
attr_341;pim_catalog_metric;attr_gr_14;0;"metric eligendi odit";"metric provident eligendi";"metric ducimus tempore";"metric vel rerum";"metric ut magnam";0;0;;Length;METER
attr_342;pim_catalog_text;attr_gr_2;0;"text magnam qui";"text voluptatem minus";"text explicabo dolor";"text illum aut";"text culpa voluptatem";0;0;;;
attr_343;pim_catalog_price_collection;attr_gr_10;0;"price_collection voluptatem ut";"price_collection quia tenetur";"price_collection et quia";"price_collection quia fugiat";"price_collection accusantium repudiandae";0;0;;;
attr_344;pim_catalog_price_collection;attr_gr_16;0;"price_collection ut reiciendis";"price_collection eius eos";"price_collection est ut";"price_collection commodi modi";"price_collection inventore nam";0;0;;;
attr_345;pim_catalog_simpleselect;attr_gr_2;0;"simpleselect deserunt quam";"simpleselect corporis repellat";"simpleselect aut optio";"simpleselect nobis qui";"simpleselect quod vero";0;0;;;
attr_346;pim_catalog_boolean;attr_gr_19;0;"boolean autem non";"boolean iste et";"boolean ullam quam";"boolean iure quaerat";"boolean enim cumque";0;0;;;
attr_347;pim_catalog_image;attr_gr_0;0;"image ad tempora";"image eos quidem";"image facilis qui";"image quia nemo";"image facilis distinctio";0;0;pdf,png;;
attr_348;pim_catalog_file;attr_gr_14;0;"file ex natus";"file aut nobis";"file qui aut";"file eligendi sequi";"file doloribus aut";0;0;png,jpg;;
attr_349;pim_catalog_file;attr_gr_8;0;"file at quis";"file ut cumque";"file tenetur ad";"file quidem dicta";"file aut consequatur";0;0;png,pdf;;
attr_350;pim_catalog_number;attr_gr_19;0;"number ut et";"number quas esse";"number est et";"number et animi";"number et odit";0;0;;;
attr_351;pim_catalog_number;attr_gr_10;0;"number id autem";"number maxime impedit";"number enim omnis";"number dolorem totam";"number quasi laudantium";0;0;;;
attr_352;pim_catalog_metric;attr_gr_1;0;"metric tenetur quo";"metric iusto numquam";"metric in at";"metric architecto eaque";"metric at vero";0;0;;Length;METER
attr_353;pim_catalog_multiselect;attr_gr_6;0;"multiselect excepturi tenetur";"multiselect qui et";"multiselect accusamus quia";"multiselect earum error";"multiselect nemo voluptatibus";0;0;;;
attr_354;pim_catalog_multiselect;attr_gr_8;0;"multiselect voluptatum consequatur";"multiselect voluptates voluptatem";"multiselect praesentium sed";"multiselect voluptatem qui";"multiselect ut aspernatur";0;0;;;
attr_355;pim_catalog_boolean;attr_gr_11;0;"boolean eum voluptas";"boolean et accusantium";"boolean nam fugiat";"boolean aut quia";"boolean quis est";0;0;;;
attr_356;pim_catalog_simpleselect;attr_gr_10;0;"simpleselect ut quos";"simpleselect et qui";"simpleselect occaecati ut";"simpleselect omnis deserunt";"simpleselect quis aliquam";0;0;;;
attr_357;pim_catalog_boolean;attr_gr_6;0;"boolean quaerat et";"boolean in ea";"boolean culpa hic";"boolean sit nam";"boolean delectus similique";0;0;;;
attr_358;pim_catalog_text;attr_gr_16;0;"text voluptas quo";"text velit exercitationem";"text aut exercitationem";"text ad et";"text eum consectetur";0;0;;;
attr_359;pim_catalog_image;attr_gr_0;0;"image consequuntur natus";"image praesentium quos";"image aut nulla";"image qui voluptas";"image sed nulla";0;0;png,jpg;;
attr_360;pim_catalog_date;attr_gr_2;0;"date laborum et";"date velit necessitatibus";"date doloribus dolores";"date et praesentium";"date magni iusto";0;0;;;
attr_361;pim_catalog_boolean;attr_gr_2;0;"boolean dolores recusandae";"boolean ut vel";"boolean aut quis";"boolean commodi aut";"boolean qui voluptates";0;0;;;
attr_362;pim_catalog_boolean;attr_gr_7;0;"boolean magnam ut";"boolean dolorem sed";"boolean est recusandae";"boolean libero unde";"boolean autem ipsum";0;0;;;
attr_363;pim_catalog_price_collection;attr_gr_3;0;"price_collection et sint";"price_collection odit asperiores";"price_collection sint ipsum";"price_collection molestiae et";"price_collection reprehenderit voluptatem";0;0;;;
attr_364;pim_catalog_file;attr_gr_5;0;"file quod et";"file autem dicta";"file qui corporis";"file nam enim";"file et iure";0;0;pdf,jpg;;
attr_365;pim_catalog_image;attr_gr_18;0;"image eveniet non";"image quasi omnis";"image quos reprehenderit";"image eos et";"image magni et";0;0;jpg,png;;
attr_366;pim_catalog_textarea;attr_gr_16;0;"textarea eum ratione";"textarea rerum vel";"textarea facilis ea";"textarea ut dolores";"textarea quia asperiores";0;0;;;
attr_367;pim_catalog_metric;attr_gr_19;0;"metric sit expedita";"metric dicta nemo";"metric nam atque";"metric architecto inventore";"metric doloremque non";0;0;;Length;METER
attr_368;pim_catalog_simpleselect;attr_gr_13;0;"simpleselect distinctio qui";"simpleselect rerum placeat";"simpleselect architecto est";"simpleselect modi minus";"simpleselect dignissimos illum";0;0;;;
attr_369;pim_catalog_multiselect;attr_gr_0;0;"multiselect perferendis ipsam";"multiselect maxime error";"multiselect esse exercitationem";"multiselect qui qui";"multiselect explicabo est";0;0;;;
attr_370;pim_catalog_date;attr_gr_11;0;"date maxime ea";"date laborum vel";"date ea numquam";"date libero iste";"date repellendus ea";0;0;;;
attr_371;pim_catalog_price_collection;attr_gr_9;0;"price_collection delectus explicabo";"price_collection ex quos";"price_collection omnis dolorem";"price_collection libero ab";"price_collection illum necessitatibus";0;0;;;
attr_372;pim_catalog_boolean;attr_gr_5;0;"boolean esse sit";"boolean ut error";"boolean saepe labore";"boolean optio vero";"boolean cum dolorem";0;0;;;
attr_373;pim_catalog_metric;attr_gr_13;1;"metric architecto ducimus";"metric necessitatibus inventore";"metric repellat exercitationem";"metric animi voluptas";"metric voluptatem voluptatem";0;0;;Length;METER
attr_374;pim_catalog_text;attr_gr_6;1;"text maxime laborum";"text optio quis";"text eligendi sequi";"text iusto non";"text qui sequi";0;0;;;
attr_375;pim_catalog_number;attr_gr_5;0;"number et error";"number est molestias";"number corporis voluptate";"number enim ut";"number hic voluptas";0;0;;;
attr_376;pim_catalog_textarea;attr_gr_0;0;"textarea qui temporibus";"textarea expedita dignissimos";"textarea error possimus";"textarea porro magni";"textarea facilis autem";0;0;;;
attr_377;pim_catalog_simpleselect;attr_gr_12;0;"simpleselect voluptatem fugiat";"simpleselect incidunt eius";"simpleselect fuga excepturi";"simpleselect et et";"simpleselect a rem";0;0;;;
attr_378;pim_catalog_date;attr_gr_5;0;"date iusto tempora";"date earum debitis";"date impedit alias";"date nobis et";"date dolores inventore";0;0;;;
attr_379;pim_catalog_simpleselect;attr_gr_0;0;"simpleselect numquam dignissimos";"simpleselect et asperiores";"simpleselect sapiente et";"simpleselect non commodi";"simpleselect necessitatibus consequatur";0;0;;;
attr_380;pim_catalog_date;attr_gr_18;0;"date necessitatibus voluptates";"date incidunt minima";"date nemo esse";"date ea delectus";"date sed sint";0;0;;;
attr_381;pim_catalog_image;attr_gr_0;0;"image libero maxime";"image cum vitae";"image itaque nam";"image vel officiis";"image illum autem";0;0;pdf,png;;
attr_382;pim_catalog_file;attr_gr_13;0;"file nobis neque";"file tempore ipsam";"file et at";"file facilis asperiores";"file non possimus";0;0;png,jpg;;
attr_383;pim_catalog_image;attr_gr_0;0;"image neque voluptates";"image deleniti molestiae";"image similique sed";"image facere animi";"image ut doloribus";0;0;jpg,pdf;;
attr_384;pim_catalog_multiselect;attr_gr_8;0;"multiselect distinctio velit";"multiselect magni molestias";"multiselect eos nesciunt";"multiselect velit eum";"multiselect quisquam voluptas";0;0;;;
attr_385;pim_catalog_metric;attr_gr_5;0;"metric fugit recusandae";"metric exercitationem voluptatem";"metric deleniti temporibus";"metric omnis iure";"metric aspernatur eos";0;0;;Length;METER
attr_386;pim_catalog_multiselect;attr_gr_14;0;"multiselect iusto cupiditate";"multiselect libero sunt";"multiselect magnam eum";"multiselect minima quo";"multiselect hic iusto";0;0;;;
attr_387;pim_catalog_simpleselect;attr_gr_17;0;"simpleselect odit esse";"simpleselect eos assumenda";"simpleselect atque eaque";"simpleselect ut nihil";"simpleselect neque ut";0;0;;;
attr_388;pim_catalog_date;attr_gr_13;0;"date animi dignissimos";"date minus ut";"date veritatis et";"date tempora ut";"date amet nihil";0;0;;;
attr_389;pim_catalog_date;attr_gr_19;0;"date nihil ut";"date quidem ratione";"date eum nulla";"date et nobis";"date quos amet";0;0;;;
attr_390;pim_catalog_image;attr_gr_0;0;"image doloribus aut";"image exercitationem velit";"image et voluptate";"image dolores expedita";"image placeat sint";0;0;jpg,pdf;;
attr_391;pim_catalog_metric;attr_gr_2;0;"metric accusamus molestiae";"metric nobis quia";"metric vel vero";"metric sunt odit";"metric sunt sunt";0;0;;Length;METER
attr_392;pim_catalog_simpleselect;attr_gr_14;0;"simpleselect a est";"simpleselect iure ut";"simpleselect porro labore";"simpleselect eius provident";"simpleselect sed consequuntur";0;0;;;
attr_393;pim_catalog_image;attr_gr_2;0;"image fugiat repellat";"image ea et";"image ullam qui";"image magnam voluptatibus";"image quis in";0;0;jpg,png;;
attr_394;pim_catalog_date;attr_gr_11;0;"date dolores fuga";"date asperiores et";"date fugit magni";"date dolor aut";"date harum corporis";0;0;;;
attr_395;pim_catalog_metric;attr_gr_3;1;"metric quaerat tempora";"metric vitae voluptatem";"metric animi corporis";"metric veritatis illum";"metric est ut";0;0;;Length;METER
attr_396;pim_catalog_text;attr_gr_19;0;"text impedit tempora";"text minus consequatur";"text doloremque eos";"text sed nostrum";"text esse laboriosam";0;0;;;
attr_397;pim_catalog_textarea;attr_gr_4;0;"textarea id repudiandae";"textarea nihil similique";"textarea vel omnis";"textarea expedita repudiandae";"textarea aut rem";0;0;;;
attr_398;pim_catalog_metric;attr_gr_3;0;"metric est et";"metric id assumenda";"metric deserunt explicabo";"metric rerum architecto";"metric et dolorem";0;0;;Length;METER
attr_399;pim_catalog_boolean;attr_gr_10;0;"boolean unde quo";"boolean porro illum";"boolean dolor repellat";"boolean optio voluptas";"boolean est quam";0;0;;;
attr_400;pim_catalog_metric;attr_gr_1;0;"metric molestiae repudiandae";"metric esse delectus";"metric doloribus esse";"metric et perspiciatis";"metric et rerum";0;0;;Length;METER
attr_401;pim_catalog_image;attr_gr_2;0;"image blanditiis eius";"image vel qui";"image adipisci et";"image inventore repudiandae";"image enim necessitatibus";0;0;pdf,jpg;;
attr_402;pim_catalog_price_collection;attr_gr_0;0;"price_collection est eveniet";"price_collection vel culpa";"price_collection laborum dolores";"price_collection consequatur ipsum";"price_collection aspernatur tempore";0;0;;;
attr_403;pim_catalog_price_collection;attr_gr_19;0;"price_collection ea deleniti";"price_collection enim omnis";"price_collection earum sunt";"price_collection minima voluptas";"price_collection aut et";0;0;;;
attr_404;pim_catalog_boolean;attr_gr_15;0;"boolean sit non";"boolean ea quasi";"boolean accusamus reprehenderit";"boolean necessitatibus omnis";"boolean sit et";0;0;;;
attr_405;pim_catalog_price_collection;attr_gr_14;0;"price_collection et optio";"price_collection esse quis";"price_collection odit error";"price_collection excepturi incidunt";"price_collection nobis quam";0;0;;;
attr_406;pim_catalog_multiselect;attr_gr_18;0;"multiselect omnis dolorem";"multiselect nihil neque";"multiselect natus et";"multiselect enim id";"multiselect unde sequi";0;0;;;
attr_407;pim_catalog_date;attr_gr_2;0;"date sunt at";"date aut praesentium";"date tenetur expedita";"date deleniti at";"date est enim";0;0;;;
attr_408;pim_catalog_textarea;attr_gr_10;0;"textarea deserunt dolorem";"textarea sequi ut";"textarea omnis nam";"textarea perferendis aliquid";"textarea quia eveniet";0;0;;;
attr_409;pim_catalog_number;attr_gr_2;0;"number unde quos";"number perferendis eligendi";"number sit ex";"number dolorum qui";"number sapiente id";0;0;;;
attr_410;pim_catalog_number;attr_gr_8;0;"number ipsam sit";"number quas molestiae";"number deserunt autem";"number qui enim";"number aut odio";0;0;;;
attr_411;pim_catalog_multiselect;attr_gr_12;0;"multiselect officiis et";"multiselect voluptas doloremque";"multiselect aspernatur id";"multiselect quae maiores";"multiselect adipisci sit";0;0;;;
attr_412;pim_catalog_textarea;attr_gr_9;0;"textarea distinctio omnis";"textarea assumenda qui";"textarea rerum itaque";"textarea dignissimos veniam";"textarea magni fugit";0;0;;;
attr_413;pim_catalog_image;attr_gr_19;1;"image eos enim";"image odio illo";"image enim voluptatem";"image voluptas laudantium";"image voluptate nobis";0;0;pdf,png;;
attr_414;pim_catalog_textarea;attr_gr_14;0;"textarea ut autem";"textarea itaque hic";"textarea earum rem";"textarea laboriosam nihil";"textarea ut magnam";0;0;;;
attr_415;pim_catalog_boolean;attr_gr_6;0;"boolean consequatur praesentium";"boolean nobis nihil";"boolean dolorum laboriosam";"boolean quia quo";"boolean in quos";0;0;;;
attr_416;pim_catalog_multiselect;attr_gr_19;0;"multiselect quo blanditiis";"multiselect iste sit";"multiselect labore laboriosam";"multiselect deleniti facilis";"multiselect sed velit";0;0;;;
attr_417;pim_catalog_textarea;attr_gr_10;0;"textarea quia dolores";"textarea ut quas";"textarea dolor nostrum";"textarea et ut";"textarea laboriosam sit";0;0;;;
attr_418;pim_catalog_boolean;attr_gr_12;0;"boolean exercitationem est";"boolean consequatur harum";"boolean officiis dolor";"boolean ipsam eos";"boolean ut aut";0;0;;;
attr_419;pim_catalog_price_collection;attr_gr_13;0;"price_collection quo hic";"price_collection aut minima";"price_collection iure deleniti";"price_collection et sequi";"price_collection numquam excepturi";0;0;;;
attr_420;pim_catalog_text;attr_gr_12;0;"text voluptatem iste";"text voluptas id";"text quia repudiandae";"text maiores iusto";"text maxime rerum";0;0;;;
attr_421;pim_catalog_textarea;attr_gr_17;0;"textarea iste ullam";"textarea aut iure";"textarea velit eveniet";"textarea animi fugit";"textarea vitae hic";0;0;;;
attr_422;pim_catalog_number;attr_gr_11;0;"number nihil illum";"number in ab";"number minus odit";"number ut laborum";"number est dolor";0;0;;;
attr_423;pim_catalog_file;attr_gr_11;0;"file saepe soluta";"file debitis maxime";"file ad porro";"file ea ratione";"file tempora rerum";0;0;png,pdf;;
attr_424;pim_catalog_number;attr_gr_7;0;"number dolorem incidunt";"number et est";"number id maiores";"number repudiandae aliquid";"number quibusdam magni";0;0;;;
attr_425;pim_catalog_price_collection;attr_gr_6;1;"price_collection incidunt natus";"price_collection vero et";"price_collection nihil sit";"price_collection totam quibusdam";"price_collection natus qui";0;0;;;
attr_426;pim_catalog_multiselect;attr_gr_5;0;"multiselect soluta iste";"multiselect deserunt mollitia";"multiselect aperiam nihil";"multiselect quas eos";"multiselect suscipit quam";0;0;;;
attr_427;pim_catalog_price_collection;attr_gr_14;0;"price_collection maxime est";"price_collection quasi odit";"price_collection eos corrupti";"price_collection illum ut";"price_collection tempora dolor";0;0;;;
attr_428;pim_catalog_number;attr_gr_13;1;"number laudantium voluptatibus";"number ut ex";"number tempora ut";"number alias aspernatur";"number ducimus dolorum";0;0;;;
attr_429;pim_catalog_number;attr_gr_10;0;"number autem ipsa";"number eaque architecto";"number aperiam voluptatem";"number tenetur ut";"number officiis nisi";0;0;;;
attr_430;pim_catalog_textarea;attr_gr_16;0;"textarea voluptas et";"textarea vitae harum";"textarea dolor non";"textarea qui est";"textarea eveniet sed";0;0;;;
attr_431;pim_catalog_price_collection;attr_gr_4;0;"price_collection natus numquam";"price_collection repellendus illo";"price_collection est qui";"price_collection omnis qui";"price_collection provident deserunt";0;0;;;
attr_432;pim_catalog_date;attr_gr_4;0;"date magnam molestiae";"date quo et";"date quas aspernatur";"date labore iusto";"date accusamus natus";0;0;;;
attr_433;pim_catalog_number;attr_gr_0;1;"number dolor rerum";"number nemo in";"number cumque aut";"number nihil ea";"number ducimus nobis";0;0;;;
attr_434;pim_catalog_text;attr_gr_5;0;"text magnam sapiente";"text architecto nostrum";"text veritatis a";"text eligendi sequi";"text quia molestias";0;0;;;
attr_435;pim_catalog_number;attr_gr_3;0;"number sit et";"number eaque esse";"number aut porro";"number eum eaque";"number magni cum";0;0;;;
attr_436;pim_catalog_simpleselect;attr_gr_16;0;"simpleselect quas repellat";"simpleselect ea cupiditate";"simpleselect exercitationem sed";"simpleselect iste mollitia";"simpleselect voluptatum ut";0;0;;;
attr_437;pim_catalog_image;attr_gr_0;0;"image iste alias";"image quia soluta";"image omnis ut";"image ut labore";"image sit enim";0;0;jpg,pdf;;
attr_438;pim_catalog_file;attr_gr_8;0;"file quia rerum";"file quos animi";"file eum quo";"file ducimus aut";"file error ea";0;0;png,pdf;;
attr_439;pim_catalog_file;attr_gr_9;0;"file perferendis aut";"file natus optio";"file dignissimos rerum";"file sint et";"file nemo nisi";0;0;jpg,pdf;;
attr_440;pim_catalog_multiselect;attr_gr_19;0;"multiselect laborum non";"multiselect in suscipit";"multiselect molestiae ut";"multiselect et exercitationem";"multiselect sint veritatis";0;0;;;
attr_441;pim_catalog_textarea;attr_gr_2;0;"textarea autem consequatur";"textarea sint vero";"textarea aut doloribus";"textarea vitae veniam";"textarea voluptatibus tenetur";0;0;;;
attr_442;pim_catalog_number;attr_gr_10;0;"number dolor eos";"number at ea";"number ipsam odio";"number deserunt exercitationem";"number blanditiis ipsa";0;0;;;
attr_443;pim_catalog_metric;attr_gr_4;0;"metric qui dolor";"metric aut ex";"metric voluptate ea";"metric voluptates quis";"metric rerum et";0;0;;Length;METER
attr_444;pim_catalog_price_collection;attr_gr_8;0;"price_collection sit impedit";"price_collection est saepe";"price_collection assumenda deleniti";"price_collection tempore voluptas";"price_collection est omnis";0;0;;;
attr_445;pim_catalog_image;attr_gr_17;0;"image qui quas";"image optio quia";"image blanditiis quibusdam";"image sequi amet";"image architecto et";0;0;png,jpg;;
attr_446;pim_catalog_date;attr_gr_0;0;"date est sit";"date distinctio impedit";"date velit at";"date eum quia";"date excepturi libero";0;0;;;
attr_447;pim_catalog_boolean;attr_gr_10;0;"boolean beatae consequatur";"boolean optio accusamus";"boolean consectetur a";"boolean nulla aut";"boolean laborum quia";0;0;;;
attr_448;pim_catalog_number;attr_gr_17;1;"number et iusto";"number quia sapiente";"number et repudiandae";"number similique consequatur";"number nostrum et";0;0;;;
attr_449;pim_catalog_textarea;attr_gr_18;0;"textarea ea sint";"textarea eius est";"textarea et eaque";"textarea ut ad";"textarea mollitia aut";0;0;;;
attr_450;pim_catalog_file;attr_gr_13;0;"file aut assumenda";"file minus similique";"file qui consequatur";"file sapiente nihil";"file id quia";0;0;jpg,png;;
attr_451;pim_catalog_metric;attr_gr_14;0;"metric qui qui";"metric voluptas aut";"metric aperiam molestiae";"metric ex et";"metric eum est";0;0;;Length;METER
attr_452;pim_catalog_date;attr_gr_6;0;"date minima dolor";"date repudiandae adipisci";"date quos impedit";"date quaerat delectus";"date asperiores et";0;0;;;
attr_453;pim_catalog_number;attr_gr_7;0;"number voluptatum rerum";"number ab in";"number aperiam quasi";"number ducimus rem";"number quae commodi";0;0;;;
attr_454;pim_catalog_text;attr_gr_13;0;"text maxime inventore";"text ea natus";"text omnis et";"text sint molestias";"text pariatur temporibus";0;0;;;
attr_455;pim_catalog_multiselect;attr_gr_1;0;"multiselect et quia";"multiselect minima non";"multiselect odit odit";"multiselect rerum aut";"multiselect asperiores dolore";0;0;;;
attr_456;pim_catalog_price_collection;attr_gr_15;0;"price_collection quo nihil";"price_collection minus sed";"price_collection a omnis";"price_collection harum corrupti";"price_collection odit ut";0;0;;;
attr_457;pim_catalog_textarea;attr_gr_8;1;"textarea praesentium magnam";"textarea maxime autem";"textarea nemo ut";"textarea omnis doloremque";"textarea beatae cupiditate";0;0;;;
attr_458;pim_catalog_simpleselect;attr_gr_11;0;"simpleselect sit magnam";"simpleselect praesentium pariatur";"simpleselect voluptatem vero";"simpleselect aspernatur autem";"simpleselect sunt maxime";0;0;;;
attr_459;pim_catalog_image;attr_gr_6;0;"image aut et";"image eveniet consectetur";"image doloribus voluptatem";"image delectus optio";"image inventore quaerat";0;0;pdf,jpg;;
attr_460;pim_catalog_metric;attr_gr_18;0;"metric iure fuga";"metric earum voluptates";"metric corporis nisi";"metric consequatur eum";"metric optio cum";0;0;;Length;METER
attr_461;pim_catalog_boolean;attr_gr_18;0;"boolean explicabo reiciendis";"boolean ut neque";"boolean sed molestiae";"boolean nihil rem";"boolean hic dolores";0;0;;;
attr_462;pim_catalog_file;attr_gr_2;0;"file facere ut";"file expedita earum";"file impedit cupiditate";"file sed et";"file voluptatibus voluptas";0;0;jpg,png;;
attr_463;pim_catalog_textarea;attr_gr_4;0;"textarea eum repudiandae";"textarea sit maxime";"textarea adipisci omnis";"textarea dolores commodi";"textarea quam aspernatur";0;0;;;
attr_464;pim_catalog_file;attr_gr_7;0;"file inventore qui";"file dolor qui";"file consequatur eum";"file qui ducimus";"file magni suscipit";0;0;pdf,jpg;;
attr_465;pim_catalog_image;attr_gr_10;0;"image officiis quam";"image sit quasi";"image inventore ut";"image neque et";"image magni qui";0;0;pdf,jpg;;
attr_466;pim_catalog_number;attr_gr_8;1;"number cupiditate beatae";"number enim eum";"number laudantium iure";"number culpa sint";"number praesentium minus";0;0;;;
attr_467;pim_catalog_number;attr_gr_5;1;"number accusantium voluptatibus";"number eaque est";"number voluptatem ab";"number eveniet at";"number eum mollitia";0;0;;;
attr_468;pim_catalog_boolean;attr_gr_10;0;"boolean dolore delectus";"boolean ad at";"boolean quidem doloribus";"boolean aut eum";"boolean molestiae maxime";0;0;;;
attr_469;pim_catalog_simpleselect;attr_gr_12;0;"simpleselect ipsam tenetur";"simpleselect odio deleniti";"simpleselect unde commodi";"simpleselect id voluptas";"simpleselect et delectus";0;0;;;
attr_470;pim_catalog_image;attr_gr_11;0;"image at neque";"image vel consequuntur";"image iure odio";"image ab nisi";"image saepe in";0;0;jpg,pdf;;
attr_471;pim_catalog_image;attr_gr_6;0;"image consectetur eos";"image ipsa deserunt";"image consequuntur tempora";"image labore id";"image qui aut";0;0;pdf,png;;
attr_472;pim_catalog_date;attr_gr_5;0;"date voluptatem unde";"date quidem aut";"date doloremque cupiditate";"date fugit est";"date voluptatem soluta";0;0;;;
attr_473;pim_catalog_simpleselect;attr_gr_7;0;"simpleselect quos voluptas";"simpleselect sed repellendus";"simpleselect nesciunt in";"simpleselect nihil et";"simpleselect consequatur aspernatur";0;0;;;
attr_474;pim_catalog_metric;attr_gr_13;0;"metric commodi eveniet";"metric at impedit";"metric animi libero";"metric ipsam explicabo";"metric accusantium eligendi";0;0;;Length;METER
attr_475;pim_catalog_date;attr_gr_11;0;"date autem id";"date rem error";"date aut nostrum";"date nostrum ut";"date rerum quia";0;0;;;
attr_476;pim_catalog_simpleselect;attr_gr_9;0;"simpleselect perferendis ex";"simpleselect ad non";"simpleselect dolor ut";"simpleselect qui in";"simpleselect error fugit";0;0;;;
attr_477;pim_catalog_file;attr_gr_4;0;"file illo illum";"file et dolorem";"file possimus nisi";"file animi tempora";"file consequatur corrupti";0;0;jpg,pdf;;
attr_478;pim_catalog_textarea;attr_gr_12;0;"textarea sit ut";"textarea vero asperiores";"textarea delectus cupiditate";"textarea maiores rerum";"textarea a harum";0;0;;;
attr_479;pim_catalog_multiselect;attr_gr_5;0;"multiselect enim voluptatem";"multiselect ut dolores";"multiselect quos laudantium";"multiselect amet voluptates";"multiselect excepturi nemo";0;0;;;
attr_480;pim_catalog_textarea;attr_gr_18;0;"textarea quis aperiam";"textarea dolores voluptatum";"textarea aut voluptatem";"textarea maiores mollitia";"textarea cumque consectetur";0;0;;;
attr_481;pim_catalog_date;attr_gr_2;0;"date non eveniet";"date iste aperiam";"date dicta ut";"date est explicabo";"date voluptates perferendis";0;0;;;
attr_482;pim_catalog_price_collection;attr_gr_16;0;"price_collection voluptatum earum";"price_collection rerum perspiciatis";"price_collection fugiat possimus";"price_collection corporis laudantium";"price_collection provident fuga";0;0;;;
attr_483;pim_catalog_metric;attr_gr_18;0;"metric ut dicta";"metric eaque occaecati";"metric in id";"metric qui provident";"metric magnam accusantium";0;0;;Length;METER
attr_484;pim_catalog_date;attr_gr_11;0;"date aut possimus";"date modi numquam";"date tenetur a";"date rerum ipsam";"date id asperiores";0;0;;;
attr_485;pim_catalog_image;attr_gr_13;0;"image ducimus pariatur";"image et animi";"image vitae necessitatibus";"image error ipsum";"image rerum aspernatur";0;0;pdf,png;;
attr_486;pim_catalog_multiselect;attr_gr_6;0;"multiselect dolorem rerum";"multiselect repellendus tempore";"multiselect maxime perferendis";"multiselect atque qui";"multiselect molestiae odio";0;0;;;
attr_487;pim_catalog_textarea;attr_gr_12;0;"textarea ad omnis";"textarea deleniti sit";"textarea ea commodi";"textarea assumenda magnam";"textarea quod ipsam";0;0;;;
attr_488;pim_catalog_price_collection;attr_gr_0;0;"price_collection ut maiores";"price_collection eos reprehenderit";"price_collection atque quasi";"price_collection aut praesentium";"price_collection at doloribus";0;0;;;
attr_489;pim_catalog_text;attr_gr_10;1;"text eum voluptatem";"text praesentium totam";"text repudiandae aliquam";"text quo id";"text et libero";0;0;;;
attr_490;pim_catalog_text;attr_gr_17;0;"text magni praesentium";"text repellat labore";"text quis consequuntur";"text non mollitia";"text quibusdam quod";0;0;;;
attr_491;pim_catalog_file;attr_gr_10;0;"file itaque illum";"file delectus nam";"file sint molestias";"file voluptatem porro";"file occaecati voluptas";0;0;jpg,png;;
attr_492;pim_catalog_date;attr_gr_5;0;"date enim soluta";"date omnis fugit";"date soluta est";"date aspernatur nam";"date est est";0;0;;;
attr_493;pim_catalog_text;attr_gr_15;0;"text enim dolores";"text consequatur maxime";"text voluptatem magnam";"text et ut";"text quasi placeat";0;0;;;
attr_494;pim_catalog_textarea;attr_gr_3;0;"textarea quasi natus";"textarea et est";"textarea pariatur quae";"textarea cupiditate labore";"textarea unde quod";0;0;;;
attr_495;pim_catalog_metric;attr_gr_18;0;"metric non dolores";"metric omnis impedit";"metric quia autem";"metric voluptatum sint";"metric incidunt voluptatem";0;0;;Length;METER
attr_496;pim_catalog_file;attr_gr_10;0;"file eos similique";"file doloremque praesentium";"file voluptatibus consequatur";"file sequi ex";"file qui commodi";0;0;pdf,png;;
attr_497;pim_catalog_date;attr_gr_12;0;"date animi iste";"date et quisquam";"date dolor numquam";"date aliquid qui";"date voluptates eligendi";0;0;;;
attr_498;pim_catalog_file;attr_gr_11;0;"file et magnam";"file eaque aliquam";"file maiores est";"file labore dolores";"file sapiente voluptatem";0;0;pdf,png;;
attr_499;pim_catalog_boolean;attr_gr_18;0;"boolean quia repudiandae";"boolean id nemo";"boolean assumenda hic";"boolean iure dolorem";"boolean quia qui";0;0;;;
